slug,title,meta_desc,primary_keyword
ai-powered-email-marketing-guide-1,AI-powered Email marketing Guide 1,Discover innovative AI strategies for email marketing with this step-by-step guide 1.,email marketing
ai-powered-productivity-guide-2,AI-powered Productivity Guide 2,Discover innovative AI strategies for productivity with this step-by-step guide 2.,productivity
ai-powered-healthtech-guide-3,AI-powered Healthtech Guide 3,Discover innovative AI strategies for healthtech with this step-by-step guide 3.,healthtech
ai-powered-web-development-guide-4,AI-powered Web development Guide 4,Discover innovative AI strategies for web development with this step-by-step guide 4.,web development
ai-powered-web-development-guide-5,AI-powered Web development Guide 5,Discover innovative AI strategies for web development with this step-by-step guide 5.,web development
ai-powered-blockchain-guide-6,AI-powered Blockchain Guide 6,Discover innovative AI strategies for blockchain with this step-by-step guide 6.,blockchain
ai-powered-content-marketing-guide-7,AI-powered Content marketing Guide 7,Discover innovative AI strategies for content marketing with this step-by-step guide 7.,content marketing
ai-powered-seo-guide-8,AI-powered Seo Guide 8,Discover innovative AI strategies for seo with this step-by-step guide 8.,seo
ai-powered-marketing-analytics-guide-9,AI-powered Marketing analytics Guide 9,Discover innovative AI strategies for marketing analytics with this step-by-step guide 9.,marketing analytics
ai-powered-fintech-guide-10,AI-powered Fintech Guide 10,Discover innovative AI strategies for fintech with this step-by-step guide 10.,fintech
ai-powered-social-media-guide-11,AI-powered Social media Guide 11,Discover innovative AI strategies for social media with this step-by-step guide 11.,social media
ai-powered-social-media-guide-12,AI-powered Social media Guide 12,Discover innovative AI strategies for social media with this step-by-step guide 12.,social media
ai-powered-blockchain-guide-13,AI-powered Blockchain Guide 13,Discover innovative AI strategies for blockchain with this step-by-step guide 13.,blockchain
ai-powered-startup-funding-guide-14,AI-powered Startup funding Guide 14,Discover innovative AI strategies for startup funding with this step-by-step guide 14.,startup funding
ai-powered-data-science-guide-15,AI-powered Data science Guide 15,Discover innovative AI strategies for data science with this step-by-step guide 15.,data science
ai-powered-startup-funding-guide-16,AI-powered Startup funding Guide 16,Discover innovative AI strategies for startup funding with this step-by-step guide 16.,startup funding
ai-powered-cloud-computing-guide-17,AI-powered Cloud computing Guide 17,Discover innovative AI strategies for cloud computing with this step-by-step guide 17.,cloud computing
ai-powered-marketing-analytics-guide-18,AI-powered Marketing analytics Guide 18,Discover innovative AI strategies for marketing analytics with this step-by-step guide 18.,marketing analytics
ai-powered-email-marketing-guide-19,AI-powered Email marketing Guide 19,Discover innovative AI strategies for email marketing with this step-by-step guide 19.,email marketing
ai-powered-seo-guide-20,AI-powered Seo Guide 20,Discover innovative AI strategies for seo with this step-by-step guide 20.,seo
ai-powered-remote-work-guide-21,AI-powered Remote work Guide 21,Discover innovative AI strategies for remote work with this step-by-step guide 21.,remote work
ai-powered-productivity-guide-22,AI-powered Productivity Guide 22,Discover innovative AI strategies for productivity with this step-by-step guide 22.,productivity
ai-powered-automation-guide-23,AI-powered Automation Guide 23,Discover innovative AI strategies for automation with this step-by-step guide 23.,automation
ai-powered-startup-funding-guide-24,AI-powered Startup funding Guide 24,Discover innovative AI strategies for startup funding with this step-by-step guide 24.,startup funding
ai-powered-cloud-computing-guide-25,AI-powered Cloud computing Guide 25,Discover innovative AI strategies for cloud computing with this step-by-step guide 25.,cloud computing
ai-powered-machine-learning-guide-26,AI-powered Machine learning Guide 26,Discover innovative AI strategies for machine learning with this step-by-step guide 26.,machine learning
ai-powered-fintech-guide-27,AI-powered Fintech Guide 27,Discover innovative AI strategies for fintech with this step-by-step guide 27.,fintech
ai-powered-cloud-computing-guide-28,AI-powered Cloud computing Guide 28,Discover innovative AI strategies for cloud computing with this step-by-step guide 28.,cloud computing
ai-powered-startup-funding-guide-29,AI-powered Startup funding Guide 29,Discover innovative AI strategies for startup funding with this step-by-step guide 29.,startup funding
ai-powered-cybersecurity-guide-30,AI-powered Cybersecurity Guide 30,Discover innovative AI strategies for cybersecurity with this step-by-step guide 30.,cybersecurity
ai-powered-content-marketing-guide-31,AI-powered Content marketing Guide 31,Discover innovative AI strategies for content marketing with this step-by-step guide 31.,content marketing
ai-powered-machine-learning-guide-32,AI-powered Machine learning Guide 32,Discover innovative AI strategies for machine learning with this step-by-step guide 32.,machine learning
ai-powered-content-marketing-guide-33,AI-powered Content marketing Guide 33,Discover innovative AI strategies for content marketing with this step-by-step guide 33.,content marketing
ai-powered-cybersecurity-guide-34,AI-powered Cybersecurity Guide 34,Discover innovative AI strategies for cybersecurity with this step-by-step guide 34.,cybersecurity
ai-powered-seo-guide-35,AI-powered Seo Guide 35,Discover innovative AI strategies for seo with this step-by-step guide 35.,seo
ai-powered-productivity-guide-36,AI-powered Productivity Guide 36,Discover innovative AI strategies for productivity with this step-by-step guide 36.,productivity
ai-powered-web-development-guide-37,AI-powered Web development Guide 37,Discover innovative AI strategies for web development with this step-by-step guide 37.,web development
ai-powered-fintech-guide-38,AI-powered Fintech Guide 38,Discover innovative AI strategies for fintech with this step-by-step guide 38.,fintech
ai-powered-seo-guide-39,AI-powered Seo Guide 39,Discover innovative AI strategies for seo with this step-by-step guide 39.,seo
ai-powered-cybersecurity-guide-40,AI-powered Cybersecurity Guide 40,Discover innovative AI strategies for cybersecurity with this step-by-step guide 40.,cybersecurity
ai-powered-data-science-guide-41,AI-powered Data science Guide 41,Discover innovative AI strategies for data science with this step-by-step guide 41.,data science
ai-powered-social-media-guide-42,AI-powered Social media Guide 42,Discover innovative AI strategies for social media with this step-by-step guide 42.,social media
ai-powered-marketing-analytics-guide-43,AI-powered Marketing analytics Guide 43,Discover innovative AI strategies for marketing analytics with this step-by-step guide 43.,marketing analytics
ai-powered-content-marketing-guide-44,AI-powered Content marketing Guide 44,Discover innovative AI strategies for content marketing with this step-by-step guide 44.,content marketing
ai-powered-seo-guide-45,AI-powered Seo Guide 45,Discover innovative AI strategies for seo with this step-by-step guide 45.,seo
ai-powered-data-science-guide-46,AI-powered Data science Guide 46,Discover innovative AI strategies for data science with this step-by-step guide 46.,data science
ai-powered-remote-work-guide-47,AI-powered Remote work Guide 47,Discover innovative AI strategies for remote work with this step-by-step guide 47.,remote work
ai-powered-seo-guide-48,AI-powered Seo Guide 48,Discover innovative AI strategies for seo with this step-by-step guide 48.,seo
ai-powered-blockchain-guide-49,AI-powered Blockchain Guide 49,Discover innovative AI strategies for blockchain with this step-by-step guide 49.,blockchain
ai-powered-cloud-computing-guide-50,AI-powered Cloud computing Guide 50,Discover innovative AI strategies for cloud computing with this step-by-step guide 50.,cloud computing
ai-powered-healthtech-guide-51,AI-powered Healthtech Guide 51,Discover innovative AI strategies for healthtech with this step-by-step guide 51.,healthtech
ai-powered-healthtech-guide-52,AI-powered Healthtech Guide 52,Discover innovative AI strategies for healthtech with this step-by-step guide 52.,healthtech
ai-powered-social-media-guide-53,AI-powered Social media Guide 53,Discover innovative AI strategies for social media with this step-by-step guide 53.,social media
ai-powered-social-media-guide-54,AI-powered Social media Guide 54,Discover innovative AI strategies for social media with this step-by-step guide 54.,social media
ai-powered-fintech-guide-55,AI-powered Fintech Guide 55,Discover innovative AI strategies for fintech with this step-by-step guide 55.,fintech
ai-powered-machine-learning-guide-56,AI-powered Machine learning Guide 56,Discover innovative AI strategies for machine learning with this step-by-step guide 56.,machine learning
ai-powered-fintech-guide-57,AI-powered Fintech Guide 57,Discover innovative AI strategies for fintech with this step-by-step guide 57.,fintech
ai-powered-mobile-apps-guide-58,AI-powered Mobile apps Guide 58,Discover innovative AI strategies for mobile apps with this step-by-step guide 58.,mobile apps
ai-powered-productivity-guide-59,AI-powered Productivity Guide 59,Discover innovative AI strategies for productivity with this step-by-step guide 59.,productivity
ai-powered-automation-guide-60,AI-powered Automation Guide 60,Discover innovative AI strategies for automation with this step-by-step guide 60.,automation
ai-powered-content-marketing-guide-61,AI-powered Content marketing Guide 61,Discover innovative AI strategies for content marketing with this step-by-step guide 61.,content marketing
ai-powered-mobile-apps-guide-62,AI-powered Mobile apps Guide 62,Discover innovative AI strategies for mobile apps with this step-by-step guide 62.,mobile apps
ai-powered-remote-work-guide-63,AI-powered Remote work Guide 63,Discover innovative AI strategies for remote work with this step-by-step guide 63.,remote work
ai-powered-cloud-computing-guide-64,AI-powered Cloud computing Guide 64,Discover innovative AI strategies for cloud computing with this step-by-step guide 64.,cloud computing
ai-powered-email-marketing-guide-65,AI-powered Email marketing Guide 65,Discover innovative AI strategies for email marketing with this step-by-step guide 65.,email marketing
ai-powered-data-science-guide-66,AI-powered Data science Guide 66,Discover innovative AI strategies for data science with this step-by-step guide 66.,data science
ai-powered-email-marketing-guide-67,AI-powered Email marketing Guide 67,Discover innovative AI strategies for email marketing with this step-by-step guide 67.,email marketing
ai-powered-web-development-guide-68,AI-powered Web development Guide 68,Discover innovative AI strategies for web development with this step-by-step guide 68.,web development
ai-powered-cybersecurity-guide-69,AI-powered Cybersecurity Guide 69,Discover innovative AI strategies for cybersecurity with this step-by-step guide 69.,cybersecurity
ai-powered-e-commerce-guide-70,AI-powered E-commerce Guide 70,Discover innovative AI strategies for e-commerce with this step-by-step guide 70.,e-commerce
ai-powered-startup-funding-guide-71,AI-powered Startup funding Guide 71,Discover innovative AI strategies for startup funding with this step-by-step guide 71.,startup funding
ai-powered-mobile-apps-guide-72,AI-powered Mobile apps Guide 72,Discover innovative AI strategies for mobile apps with this step-by-step guide 72.,mobile apps
ai-powered-data-science-guide-73,AI-powered Data science Guide 73,Discover innovative AI strategies for data science with this step-by-step guide 73.,data science
ai-powered-remote-work-guide-74,AI-powered Remote work Guide 74,Discover innovative AI strategies for remote work with this step-by-step guide 74.,remote work
ai-powered-cloud-computing-guide-75,AI-powered Cloud computing Guide 75,Discover innovative AI strategies for cloud computing with this step-by-step guide 75.,cloud computing
ai-powered-cloud-computing-guide-76,AI-powered Cloud computing Guide 76,Discover innovative AI strategies for cloud computing with this step-by-step guide 76.,cloud computing
ai-powered-blockchain-guide-77,AI-powered Blockchain Guide 77,Discover innovative AI strategies for blockchain with this step-by-step guide 77.,blockchain
ai-powered-healthtech-guide-78,AI-powered Healthtech Guide 78,Discover innovative AI strategies for healthtech with this step-by-step guide 78.,healthtech
ai-powered-social-media-guide-79,AI-powered Social media Guide 79,Discover innovative AI strategies for social media with this step-by-step guide 79.,social media
ai-powered-healthtech-guide-80,AI-powered Healthtech Guide 80,Discover innovative AI strategies for healthtech with this step-by-step guide 80.,healthtech
ai-powered-seo-guide-81,AI-powered Seo Guide 81,Discover innovative AI strategies for seo with this step-by-step guide 81.,seo
ai-powered-healthtech-guide-82,AI-powered Healthtech Guide 82,Discover innovative AI strategies for healthtech with this step-by-step guide 82.,healthtech
ai-powered-marketing-analytics-guide-83,AI-powered Marketing analytics Guide 83,Discover innovative AI strategies for marketing analytics with this step-by-step guide 83.,marketing analytics
ai-powered-marketing-analytics-guide-84,AI-powered Marketing analytics Guide 84,Discover innovative AI strategies for marketing analytics with this step-by-step guide 84.,marketing analytics
ai-powered-startup-funding-guide-85,AI-powered Startup funding Guide 85,Discover innovative AI strategies for startup funding with this step-by-step guide 85.,startup funding
ai-powered-analytics-guide-86,AI-powered Analytics Guide 86,Discover innovative AI strategies for analytics with this step-by-step guide 86.,analytics
ai-powered-startup-funding-guide-87,AI-powered Startup funding Guide 87,Discover innovative AI strategies for startup funding with this step-by-step guide 87.,startup funding
ai-powered-productivity-guide-88,AI-powered Productivity Guide 88,Discover innovative AI strategies for productivity with this step-by-step guide 88.,productivity
ai-powered-machine-learning-guide-89,AI-powered Machine learning Guide 89,Discover innovative AI strategies for machine learning with this step-by-step guide 89.,machine learning
ai-powered-web-development-guide-90,AI-powered Web development Guide 90,Discover innovative AI strategies for web development with this step-by-step guide 90.,web development
ai-powered-productivity-guide-91,AI-powered Productivity Guide 91,Discover innovative AI strategies for productivity with this step-by-step guide 91.,productivity
ai-powered-email-marketing-guide-92,AI-powered Email marketing Guide 92,Discover innovative AI strategies for email marketing with this step-by-step guide 92.,email marketing
ai-powered-analytics-guide-93,AI-powered Analytics Guide 93,Discover innovative AI strategies for analytics with this step-by-step guide 93.,analytics
ai-powered-mobile-apps-guide-94,AI-powered Mobile apps Guide 94,Discover innovative AI strategies for mobile apps with this step-by-step guide 94.,mobile apps
ai-powered-automation-guide-95,AI-powered Automation Guide 95,Discover innovative AI strategies for automation with this step-by-step guide 95.,automation
ai-powered-email-marketing-guide-96,AI-powered Email marketing Guide 96,Discover innovative AI strategies for email marketing with this step-by-step guide 96.,email marketing
ai-powered-cybersecurity-guide-97,AI-powered Cybersecurity Guide 97,Discover innovative AI strategies for cybersecurity with this step-by-step guide 97.,cybersecurity
ai-powered-marketing-analytics-guide-98,AI-powered Marketing analytics Guide 98,Discover innovative AI strategies for marketing analytics with this step-by-step guide 98.,marketing analytics
ai-powered-email-marketing-guide-99,AI-powered Email marketing Guide 99,Discover innovative AI strategies for email marketing with this step-by-step guide 99.,email marketing
ai-powered-productivity-guide-100,AI-powered Productivity Guide 100,Discover innovative AI strategies for productivity with this step-by-step guide 100.,productivity
